ts_utc,ts_lima,ok,n_dates,n_routes,n_changes,n_captures,sale_window,total_disponible,board_fecha,inicia,entregados,picker_hidden,duration_ms,note
2026-09-09T09:13:52+00:00,2026-09-09T04:13:52-05:00,1,1,6,0,2,2026-09-10,1000,2026-09-10,06:00 AM,0,True,13015,
2026-09-09T09:18:53+00:00,2026-09-09T04:18:53-05:00,1,1,6,0,2,2026-09-10,1000,2026-09-10,06:00 AM,0,True,13400,
2026-09-09T14:49:19+00:00,2026-09-09T09:49:19-05:00,1,1,6,6,1,2026-09-10,513,2026-09-10,06:00 AM,522,True,13866,
2026-09-09T18:25:26+00:00,2026-09-09T13:25:26-05:00,1,1,6,6,2,2026-09-10,267,2026-09-10,06:00 AM,756,True,16823,
2026-09-09T21:06:29+00:00,2026-09-09T16:06:29-05:00,1,1,6,6,2,2026-09-10,118,2026-09-10,06:00 AM,943,True,13363,
2026-09-09T22:18:14+00:00,2026-09-09T17:18:14-05:00,1,1,6,4,1,2026-09-10,66,2026-09-10,06:00 AM,979,True,12973,
2026-09-09T22:18:35+00:00,2026-09-09T17:18:35-05:00,1,1,6,4,2,2026-09-10,66,2026-09-10,06:00 AM,979,True,13150,
2026-09-10T00:17:51+00:00,2026-09-09T19:17:51-05:00,1,1,6,3,1,2026-09-10,35,2026-09-10,06:00 AM,1000,True,14410,
2026-09-10T09:49:40+00:00,2026-09-10T04:49:40-05:00,1,1,6,6,2,2026-09-11,1000,2026-09-11,06:00 AM,2,True,16313,
2026-09-10T14:05:23+00:00,2026-09-10T09:05:23-05:00,1,1,6,5,2,2026-09-11,643,2026-09-11,06:00 AM,515,True,12579,
2026-09-10T14:10:36+00:00,2026-09-10T09:10:36-05:00,1,1,6,1,2,2026-09-11,632,2026-09-11,06:00 AM,521,True,12453,
2026-09-10T17:41:02+00:00,2026-09-10T12:41:02-05:00,1,1,6,5,2,2026-09-11,351,2026-09-11,06:00 AM,760,True,14816,
2026-09-10T19:29:59+00:00,2026-09-10T14:29:59-05:00,1,1,6,6,1,2026-09-11,154,2026-09-11,06:00 AM,859,True,13938,
2026-09-10T23:34:33+00:00,2026-09-10T18:34:33-05:00,1,1,6,4,2,2026-09-11,34,2026-09-11,06:00 AM,979,True,13624,
2026-09-11T01:27:44+00:00,2026-09-10T20:27:44-05:00,1,1,6,2,2,2026-09-11,1,2026-09-11,06:00 AM,1000,True,13972,
2026-09-11T06:35:42+00:00,2026-09-11T01:35:42-05:00,1,1,6,6,2,2026-09-12,1000,2026-09-12,06:00 AM,1,True,13722,
2026-09-11T09:48:57+00:00,2026-09-11T04:48:57-05:00,1,1,6,0,2,2026-09-12,1000,2026-09-12,06:00 AM,1,True,13538,
2026-09-11T14:05:23+00:00,2026-09-11T09:05:23-05:00,1,1,6,5,1,2026-09-12,461,2026-09-12,06:00 AM,556,True,12744,
2026-09-11T14:10:36+00:00,2026-09-11T09:10:36-05:00,1,1,6,3,2,2026-09-12,449,2026-09-12,06:00 AM,564,True,13702,
2026-09-11T17:44:13+00:00,2026-09-11T12:44:13-05:00,1,1,6,6,2,2026-09-12,209,2026-09-12,06:00 AM,814,True,12825,
2026-09-11T19:30:23+00:00,2026-09-11T14:30:23-05:00,1,1,6,4,1,2026-09-12,108,2026-09-12,06:00 AM,916,True,13281,
2026-09-11T21:53:01+00:00,2026-09-11T16:53:01-05:00,1,1,6,4,1,2026-09-12,0,2026-09-12,06:00 AM,1000,True,13229,
2026-09-11T23:53:24+00:00,2026-09-11T18:53:24-05:00,1,1,6,0,2,2026-09-12,0,2026-09-12,06:00 AM,1000,True,13016,
2026-09-12T03:26:37+00:00,2026-09-11T22:26:37-05:00,1,1,6,0,2,2026-09-12,0,2026-09-12,06:00 AM,1000,True,13654,
2026-09-12T08:06:39+00:00,2026-09-12T03:06:39-05:00,1,1,6,6,1,2026-09-13,1000,2026-09-13,06:00 AM,0,True,14584,
2026-09-12T09:26:08+00:00,2026-09-12T04:26:08-05:00,1,1,6,0,1,2026-09-13,1000,2026-09-13,06:00 AM,0,True,16372,
2026-09-12T13:22:31+00:00,2026-09-12T08:22:31-05:00,1,1,6,5,1,2026-09-13,569,2026-09-13,06:00 AM,533,True,12618,
2026-09-12T13:27:44+00:00,2026-09-12T08:27:44-05:00,1,1,6,2,1,2026-09-13,549,2026-09-13,06:00 AM,549,True,13082,
2026-09-12T16:24:21+00:00,2026-09-12T11:24:21-05:00,1,1,6,6,1,2026-09-13,302,2026-09-13,06:00 AM,699,True,12031,
2026-09-12T16:29:33+00:00,2026-09-12T11:29:33-05:00,1,1,6,0,1,2026-09-13,302,2026-09-13,06:00 AM,699,True,13075,
2026-09-12T18:34:25+00:00,2026-09-12T13:34:25-05:00,1,1,6,6,2,2026-09-13,176,2026-09-13,06:00 AM,835,True,12793,
2026-09-12T19:06:13+00:00,2026-09-12T14:06:13-05:00,1,1,6,2,2,2026-09-13,165,2026-09-13,06:00 AM,847,True,12976,
2026-09-12T21:26:02+00:00,2026-09-12T16:26:02-05:00,1,1,6,4,1,2026-09-13,55,2026-09-13,06:00 AM,970,True,11574,
2026-09-13T01:07:34+00:00,2026-09-12T20:07:34-05:00,1,1,6,3,2,2026-09-13,4,2026-09-13,06:00 AM,1000,True,12961,
2026-09-13T06:08:49+00:00,2026-09-13T01:08:49-05:00,1,1,6,6,1,2026-09-14,1000,2026-09-14,06:00 AM,0,True,12044,
2026-09-13T10:21:49+00:00,2026-09-13T05:21:49-05:00,1,1,6,0,1,2026-09-14,1000,2026-09-14,06:00 AM,0,True,11955,
2026-09-13T10:27:01+00:00,2026-09-13T05:27:01-05:00,1,1,6,0,2,2026-09-14,1000,2026-09-14,06:00 AM,0,True,13076,
2026-09-13T14:05:32+00:00,2026-09-13T09:05:32-05:00,1,1,6,6,1,2026-09-14,533,2026-09-14,06:00 AM,489,True,13116,
2026-09-13T14:10:45+00:00,2026-09-13T09:10:45-05:00,1,1,6,1,2,2026-09-14,526,2026-09-14,06:00 AM,515,True,13866,
2026-09-13T17:23:45+00:00,2026-09-13T12:23:45-05:00,1,1,6,5,2,2026-09-14,336,2026-09-14,06:00 AM,705,True,13212,
2026-09-13T19:15:20+00:00,2026-09-13T14:15:20-05:00,1,1,6,6,1,2026-09-14,196,2026-09-14,06:00 AM,833,True,12024,
2026-09-13T21:29:25+00:00,2026-09-13T16:29:25-05:00,1,1,6,5,1,2026-09-14,92,2026-09-14,06:00 AM,938,True,13880,
2026-09-13T23:26:56+00:00,2026-09-13T18:26:56-05:00,1,1,6,3,2,2026-09-14,46,2026-09-14,06:00 AM,986,True,13534,
2026-09-14T01:32:04+00:00,2026-09-13T20:32:04-05:00,1,1,6,3,1,2026-09-14,17,2026-09-14,06:00 AM,1000,True,14610,
2026-09-14T07:01:58+00:00,2026-09-14T02:01:58-05:00,1,1,6,6,2,2026-09-15,1000,2026-09-15,06:00 AM,0,True,13239,
2026-09-14T10:46:03+00:00,2026-09-14T05:46:03-05:00,1,1,6,0,1,2026-09-15,1000,2026-09-15,06:00 AM,0,True,13794,
2026-09-14T10:51:17+00:00,2026-09-14T05:51:17-05:00,1,1,6,0,2,2026-09-15,1000,2026-09-15,06:00 AM,0,True,13108,
2026-09-14T16:11:28+00:00,2026-09-14T11:11:28-05:00,1,1,6,5,2,2026-09-15,442,2026-09-15,06:00 AM,580,True,15308,
2026-09-14T16:16:43+00:00,2026-09-14T11:16:43-05:00,1,1,6,3,1,2026-09-15,435,2026-09-15,06:00 AM,593,True,13211,
2026-09-14T20:18:59+00:00,2026-09-14T15:18:59-05:00,1,1,6,6,2,2026-09-15,157,2026-09-15,06:00 AM,867,True,13757,
2026-09-14T20:51:09+00:00,2026-09-14T15:51:09-05:00,1,1,6,4,1,2026-09-15,117,2026-09-15,06:00 AM,922,True,13673,
2026-09-14T23:39:42+00:00,2026-09-14T18:39:42-05:00,1,1,6,4,2,2026-09-15,29,2026-09-15,06:00 AM,1000,True,12936,
2026-09-15T01:55:33+00:00,2026-09-14T20:55:33-05:00,1,1,6,2,1,2026-09-15,15,2026-09-15,06:00 AM,1000,True,14875,
2026-09-15T07:30:58+00:00,2026-09-15T02:30:58-05:00,1,1,6,6,1,2026-09-16,1000,2026-09-16,06:00 AM,1,True,12938,
2026-09-15T10:09:14+00:00,2026-09-15T05:09:14-05:00,0,0,0,0,0,,0,,,,,329426,no availability payload; no api calls seen at all
2026-09-15T14:39:38+00:00,2026-09-15T09:39:38-05:00,1,1,6,4,2,2026-09-16,509,2026-09-16,06:00 AM,660,True,14434,
2026-09-15T14:44:52+00:00,2026-09-15T09:44:52-05:00,1,1,6,2,1,2026-09-16,490,2026-09-16,06:00 AM,666,True,14102,
2026-09-15T18:29:29+00:00,2026-09-15T13:29:29-05:00,1,1,6,6,1,2026-09-16,140,2026-09-16,06:00 AM,883,True,13862,
2026-09-15T20:05:54+00:00,2026-09-15T15:05:54-05:00,1,1,6,4,2,2026-09-16,64,2026-09-16,06:00 AM,974,True,14197,
2026-09-15T22:52:54+00:00,2026-09-15T17:52:54-05:00,1,1,6,3,2,2026-09-16,0,2026-09-16,06:00 AM,1000,True,14198,
2026-09-16T06:00:19+00:00,2026-09-16T01:00:19-05:00,1,1,6,6,2,2026-09-17,1000,2026-09-17,06:00 AM,0,True,12557,
2026-09-16T10:01:28+00:00,2026-09-16T05:01:28-05:00,1,1,6,0,2,2026-09-17,1000,2026-09-17,06:00 AM,0,True,16402,
2026-09-16T10:06:45+00:00,2026-09-16T05:06:45-05:00,1,1,6,0,2,2026-09-17,1000,2026-09-17,06:00 AM,0,True,13631,
2026-09-16T14:38:29+00:00,2026-09-16T09:38:29-05:00,1,1,6,6,1,2026-09-17,427,2026-09-17,06:00 AM,739,True,14319,
2026-09-16T14:43:43+00:00,2026-09-16T09:43:43-05:00,1,1,6,0,2,2026-09-17,427,2026-09-17,06:00 AM,739,True,13895,
2026-09-16T18:26:27+00:00,2026-09-16T13:26:27-05:00,1,1,6,6,1,2026-09-17,93,2026-09-17,06:00 AM,999,True,13325,
2026-09-16T19:56:45+00:00,2026-09-16T14:56:45-05:00,1,1,6,4,2,2026-09-17,17,2026-09-17,06:00 AM,1000,True,13588,
2026-09-16T22:50:56+00:00,2026-09-16T17:50:56-05:00,1,1,6,3,2,2026-09-17,0,2026-09-17,06:00 AM,1000,True,12788,
2026-09-17T01:00:47+00:00,2026-09-16T20:00:47-05:00,1,1,6,0,2,2026-09-17,0,2026-09-17,06:00 AM,1000,True,12298,
2026-09-17T06:04:22+00:00,2026-09-17T01:04:22-05:00,1,1,6,6,1,2026-09-18,595,2026-09-18,06:00 AM,407,True,13699,
2026-09-17T10:04:16+00:00,2026-09-17T05:04:16-05:00,1,1,6,0,1,2026-09-18,595,2026-09-18,06:00 AM,407,True,12460,
2026-09-17T10:09:29+00:00,2026-09-17T05:09:29-05:00,1,1,6,0,1,2026-09-18,595,2026-09-18,06:00 AM,407,True,11268,
2026-09-17T14:43:15+00:00,2026-09-17T09:43:15-05:00,1,1,6,5,1,2026-09-18,266,2026-09-18,06:00 AM,961,True,13621,
2026-09-17T14:48:29+00:00,2026-09-17T09:48:29-05:00,1,1,6,2,2,2026-09-18,262,2026-09-18,06:00 AM,961,True,12644,
2026-09-17T18:36:04+00:00,2026-09-17T13:36:04-05:00,1,1,6,6,1,2026-09-18,1,2026-09-18,06:00 AM,1000,True,11348,
2026-09-17T20:07:32+00:00,2026-09-17T15:07:32-05:00,1,1,6,1,2,2026-09-18,0,2026-09-18,06:00 AM,1000,True,13164,
2026-09-17T22:51:29+00:00,2026-09-17T17:51:29-05:00,1,1,6,0,2,2026-09-18,0,2026-09-18,06:00 AM,1000,True,14139,
2026-09-18T00:58:10+00:00,2026-09-17T19:58:10-05:00,1,1,6,0,2,2026-09-18,0,2026-09-18,06:00 AM,1000,True,13082,
2026-09-18T05:48:43+00:00,2026-09-18T00:48:43-05:00,1,1,6,6,1,2026-09-19,511,2026-09-19,06:00 AM,502,True,15888,
2026-09-18T09:51:39+00:00,2026-09-18T04:51:39-05:00,1,1,6,0,2,2026-09-19,511,2026-09-19,06:00 AM,502,True,13722,
2026-09-18T14:08:25+00:00,2026-09-18T09:08:25-05:00,1,1,6,6,1,2026-09-19,252,2026-09-19,06:00 AM,843,True,14753,
2026-09-18T14:13:40+00:00,2026-09-18T09:13:40-05:00,1,1,6,2,1,2026-09-19,248,2026-09-19,06:00 AM,849,True,13691,
2026-09-18T19:29:54+00:00,2026-09-18T14:29:54-05:00,1,1,6,6,1,2026-09-19,0,2026-09-19,06:00 AM,1000,True,11926,
2026-09-18T21:49:30+00:00,2026-09-18T16:49:30-05:00,1,1,6,0,1,2026-09-19,0,2026-09-19,06:00 AM,1000,True,12767,
2026-09-18T23:44:52+00:00,2026-09-18T18:44:52-05:00,1,1,6,0,2,2026-09-19,0,2026-09-19,06:00 AM,1000,True,15488,
2026-09-19T01:41:50+00:00,2026-09-18T20:41:50-05:00,1,1,6,0,1,2026-09-19,0,2026-09-19,06:00 AM,1000,True,13303,
2026-09-19T06:42:18+00:00,2026-09-19T01:42:18-05:00,1,1,6,6,1,2026-09-20,526,2026-09-20,06:00 AM,480,True,13427,
2026-09-19T09:35:26+00:00,2026-09-19T04:35:26-05:00,1,1,6,0,1,2026-09-20,526,2026-09-20,06:00 AM,480,True,13829,
2026-09-19T13:43:03+00:00,2026-09-19T08:43:03-05:00,1,1,6,6,1,2026-09-20,252,2026-09-20,06:00 AM,827,True,13968,
2026-09-19T13:48:17+00:00,2026-09-19T08:48:17-05:00,1,1,6,2,1,2026-09-20,237,2026-09-20,06:00 AM,832,True,11561,
2026-09-19T16:49:53+00:00,2026-09-19T11:49:53-05:00,1,1,6,6,2,2026-09-20,26,2026-09-20,06:00 AM,996,True,13864,
2026-09-19T16:55:07+00:00,2026-09-19T11:55:07-05:00,1,1,6,0,2,2026-09-20,26,2026-09-20,06:00 AM,996,True,14053,
2026-09-19T19:00:43+00:00,2026-09-19T14:00:43-05:00,1,1,6,2,1,2026-09-20,0,2026-09-20,06:00 AM,1000,True,13498,
2026-09-19T19:15:35+00:00,2026-09-19T14:15:35-05:00,1,1,6,0,1,2026-09-20,0,2026-09-20,06:00 AM,1000,True,12911,
2026-09-19T21:30:28+00:00,2026-09-19T16:30:28-05:00,1,1,6,0,2,2026-09-20,0,2026-09-20,06:00 AM,1000,True,12206,
2026-09-19T23:28:53+00:00,2026-09-19T18:28:53-05:00,1,1,6,0,1,2026-09-20,0,2026-09-20,06:00 AM,1000,True,12692,
2026-09-20T01:33:27+00:00,2026-09-19T20:33:27-05:00,1,1,6,0,1,2026-09-20,0,2026-09-20,06:00 AM,1000,True,15046,
2026-09-20T09:51:36+00:00,2026-09-20T04:51:36-05:00,1,1,6,6,1,2026-09-21,526,2026-09-21,06:00 AM,480,True,13935,
2026-09-20T13:58:33+00:00,2026-09-20T08:58:33-05:00,1,1,6,5,1,2026-09-21,222,2026-09-21,06:00 AM,887,True,12993,
2026-09-20T14:03:46+00:00,2026-09-20T09:03:46-05:00,1,1,6,2,1,2026-09-21,218,2026-09-21,06:00 AM,896,True,13466,
2026-09-20T17:23:38+00:00,2026-09-20T12:23:38-05:00,1,1,6,4,1,2026-09-21,20,2026-09-21,06:00 AM,1000,True,12402,
2026-09-20T19:19:23+00:00,2026-09-20T14:19:23-05:00,1,1,6,3,2,2026-09-21,0,2026-09-21,06:00 AM,1000,True,13168,
2026-09-20T23:34:35+00:00,2026-09-20T18:34:35-05:00,1,1,6,0,2,2026-09-21,0,2026-09-21,06:00 AM,1000,True,13729,
2026-09-21T07:14:21+00:00,2026-09-21T02:14:21-05:00,1,1,6,6,2,2026-09-22,557,2026-09-22,06:00 AM,450,True,12751,
2026-09-21T10:49:10+00:00,2026-09-21T05:49:10-05:00,1,1,6,0,1,2026-09-22,557,2026-09-22,06:00 AM,450,True,12998,
2026-09-21T10:54:23+00:00,2026-09-21T05:54:23-05:00,1,1,6,0,2,2026-09-22,557,2026-09-22,06:00 AM,450,True,13832,
2026-09-21T16:14:27+00:00,2026-09-21T11:14:27-05:00,1,1,6,6,1,2026-09-22,74,2026-09-22,06:00 AM,951,True,13832,
2026-09-21T16:19:41+00:00,2026-09-21T11:19:41-05:00,1,1,6,1,1,2026-09-22,73,2026-09-22,06:00 AM,951,True,13412,
2026-09-21T20:55:54+00:00,2026-09-21T15:55:54-05:00,1,1,6,3,2,2026-09-22,0,2026-09-22,06:00 AM,1000,True,12937,
2026-09-21T23:59:16+00:00,2026-09-21T18:59:16-05:00,1,1,6,0,1,2026-09-22,0,2026-09-22,06:00 AM,1000,True,11629,
2026-09-22T04:43:40+00:00,2026-09-21T23:43:40-05:00,1,1,6,0,1,2026-09-22,0,2026-09-22,06:00 AM,1000,True,13414,
2026-09-22T09:30:46+00:00,2026-09-22T04:30:46-05:00,1,1,6,6,2,2026-09-23,551,2026-09-23,06:00 AM,454,True,13677,
2026-09-22T10:04:42+00:00,2026-09-22T05:04:42-05:00,1,1,6,0,2,2026-09-23,551,2026-09-23,06:00 AM,454,True,13885,
2026-09-22T10:09:56+00:00,2026-09-22T05:09:56-05:00,1,1,6,0,1,2026-09-23,551,2026-09-23,06:00 AM,454,True,12516,
2026-09-22T14:22:47+00:00,2026-09-22T09:22:47-05:00,1,1,6,6,1,2026-09-23,152,2026-09-23,06:00 AM,978,True,14100,
2026-09-22T14:28:02+00:00,2026-09-22T09:28:02-05:00,1,1,6,3,2,2026-09-23,143,2026-09-23,06:00 AM,983,True,12944,
2026-09-22T18:11:30+00:00,2026-09-22T13:11:30-05:00,1,1,6,4,1,2026-09-23,0,2026-09-23,06:00 AM,1000,True,11734,
2026-09-22T20:05:04+00:00,2026-09-22T15:05:04-05:00,1,1,6,0,1,2026-09-23,0,2026-09-23,06:00 AM,1000,True,14106,
2026-09-22T22:55:28+00:00,2026-09-22T17:55:28-05:00,1,1,6,0,1,2026-09-23,0,2026-09-23,06:00 AM,1000,True,13327,
2026-09-23T01:21:31+00:00,2026-09-22T20:21:31-05:00,1,1,6,0,2,2026-09-23,0,2026-09-23,06:00 AM,1000,True,12459,
2026-09-23T06:16:05+00:00,2026-09-23T01:16:05-05:00,1,1,6,6,2,2026-09-24,399,2026-09-24,06:00 AM,612,True,14037,
2026-09-23T10:04:27+00:00,2026-09-23T05:04:27-05:00,1,1,6,0,2,2026-09-24,399,2026-09-24,06:00 AM,612,True,14193,
2026-09-23T10:09:42+00:00,2026-09-23T05:09:42-05:00,1,1,6,0,2,2026-09-24,399,2026-09-24,06:00 AM,612,True,13142,
2026-09-23T14:43:47+00:00,2026-09-23T09:43:47-05:00,0,0,0,0,0,,0,,,,,328727,no availability payload; no api calls seen at all
2026-09-23T18:40:22+00:00,2026-09-23T13:40:22-05:00,1,1,6,6,1,2026-09-24,0,2026-09-24,06:00 AM,1000,True,12452,
2026-09-23T20:06:50+00:00,2026-09-23T15:06:50-05:00,1,1,6,0,2,2026-09-24,0,2026-09-24,06:00 AM,1000,True,12756,
2026-09-23T22:56:44+00:00,2026-09-23T17:56:44-05:00,1,1,6,0,1,2026-09-24,0,2026-09-24,06:00 AM,1000,True,11877,
2026-09-24T01:17:43+00:00,2026-09-23T20:17:43-05:00,1,1,6,0,1,2026-09-24,0,2026-09-24,06:00 AM,1000,True,12510,
2026-09-24T10:08:46+00:00,2026-09-24T05:08:46-05:00,1,1,6,6,2,2026-09-25,422,2026-09-25,06:00 AM,589,True,13212,
2026-09-24T10:13:59+00:00,2026-09-24T05:13:59-05:00,1,1,6,0,2,2026-09-25,422,2026-09-25,06:00 AM,589,True,12788,
2026-09-24T14:39:36+00:00,2026-09-24T09:39:36-05:00,1,1,6,6,2,2026-09-25,70,2026-09-25,06:00 AM,957,True,14900,
2026-09-24T14:44:51+00:00,2026-09-24T09:44:51-05:00,1,1,6,1,2,2026-09-25,63,2026-09-25,06:00 AM,957,True,14212,
2026-09-24T18:40:44+00:00,2026-09-24T13:40:44-05:00,1,1,6,2,1,2026-09-25,2,2026-09-25,06:00 AM,1000,True,13284,
2026-09-24T20:20:34+00:00,2026-09-24T15:20:34-05:00,1,1,6,1,1,2026-09-25,0,2026-09-25,06:00 AM,1000,True,14159,
2026-09-24T23:17:08+00:00,2026-09-24T18:17:08-05:00,1,1,6,0,2,2026-09-25,0,2026-09-25,06:00 AM,1000,True,12891,
2026-09-25T01:38:31+00:00,2026-09-24T20:38:31-05:00,1,1,6,0,1,2026-09-25,0,2026-09-25,06:00 AM,1000,True,13694,
2026-09-25T06:37:51+00:00,2026-09-25T01:37:51-05:00,1,1,6,6,1,2026-09-26,482,2026-09-26,06:00 AM,527,True,13945,
2026-09-25T10:16:15+00:00,2026-09-25T05:16:15-05:00,1,1,6,0,1,2026-09-26,482,2026-09-26,06:00 AM,527,True,14087,
2026-09-25T10:21:30+00:00,2026-09-25T05:21:30-05:00,1,1,6,0,1,2026-09-26,482,2026-09-26,06:00 AM,527,True,13008,
2026-09-25T15:01:19+00:00,2026-09-25T10:01:19-05:00,0,0,0,0,0,,0,,,,,327404,no availability payload; no api calls seen at all
2026-09-25T19:13:28+00:00,2026-09-25T14:13:28-05:00,1,1,6,6,1,2026-09-26,0,2026-09-26,06:00 AM,1000,True,12748,
2026-09-25T20:21:39+00:00,2026-09-25T15:21:39-05:00,1,1,6,0,2,2026-09-26,0,2026-09-26,06:00 AM,1000,True,12544,
2026-09-25T23:23:34+00:00,2026-09-25T18:23:34-05:00,1,1,6,0,1,2026-09-26,0,2026-09-26,06:00 AM,1000,True,12701,
2026-09-26T01:48:49+00:00,2026-09-25T20:48:49-05:00,1,1,6,0,1,2026-09-26,0,2026-09-26,06:00 AM,1000,True,11632,
2026-09-26T06:44:27+00:00,2026-09-26T01:44:27-05:00,1,1,6,6,2,2026-09-27,518,2026-09-27,06:00 AM,487,True,14242,
2026-09-26T09:56:52+00:00,2026-09-26T04:56:52-05:00,1,1,6,0,2,2026-09-27,518,2026-09-27,06:00 AM,487,True,13706,
2026-09-26T14:10:09+00:00,2026-09-26T09:10:09-05:00,1,1,6,5,2,2026-09-27,251,2026-09-27,06:00 AM,779,True,13609,
2026-09-26T14:15:23+00:00,2026-09-26T09:15:23-05:00,1,1,6,2,2,2026-09-27,245,2026-09-27,06:00 AM,780,True,12494,
2026-09-26T17:45:42+00:00,2026-09-26T12:45:42-05:00,1,1,6,6,2,2026-09-27,101,2026-09-27,06:00 AM,939,True,12770,
2026-09-26T19:38:55+00:00,2026-09-26T14:38:55-05:00,1,1,6,4,2,2026-09-27,68,2026-09-27,06:00 AM,970,True,12587,
2026-09-26T22:13:01+00:00,2026-09-26T17:13:01-05:00,1,1,6,2,1,2026-09-27,0,2026-09-27,06:00 AM,1000,True,46754,
2026-09-27T00:41:15+00:00,2026-09-26T19:41:15-05:00,1,1,6,0,2,2026-09-27,0,2026-09-27,06:00 AM,1000,True,13688,
2026-09-27T05:51:34+00:00,2026-09-27T00:51:34-05:00,1,1,6,6,1,2026-09-28,668,2026-09-28,06:00 AM,337,True,13054,
2026-09-27T10:36:14+00:00,2026-09-27T05:36:14-05:00,1,1,6,0,2,2026-09-28,668,2026-09-28,06:00 AM,337,True,13181,
2026-09-27T10:41:27+00:00,2026-09-27T05:41:27-05:00,1,1,6,0,2,2026-09-28,668,2026-09-28,06:00 AM,337,True,12702,
2026-09-27T15:00:23+00:00,2026-09-27T10:00:23-05:00,1,1,6,5,2,2026-09-28,285,2026-09-28,06:00 AM,724,True,12886,
2026-09-27T15:05:36+00:00,2026-09-27T10:05:36-05:00,1,1,6,0,2,2026-09-28,285,2026-09-28,06:00 AM,724,True,12375,
2026-09-27T18:58:01+00:00,2026-09-27T13:58:01-05:00,1,1,6,6,2,2026-09-28,168,2026-09-28,06:00 AM,854,True,14021,
2026-09-27T20:00:24+00:00,2026-09-27T15:00:24-05:00,1,1,6,4,2,2026-09-28,67,2026-09-28,06:00 AM,963,True,12792,
2026-09-27T22:58:33+00:00,2026-09-27T17:58:33-05:00,1,1,6,3,1,2026-09-28,3,2026-09-28,06:00 AM,1000,True,13044,
2026-09-28T01:33:31+00:00,2026-09-27T20:33:31-05:00,1,1,6,1,2,2026-09-28,0,2026-09-28,06:00 AM,1000,True,12620,
2026-09-28T07:36:37+00:00,2026-09-28T02:36:37-05:00,1,1,6,6,2,2026-09-29,747,2026-09-29,06:00 AM,255,True,12783,
2026-09-28T11:46:37+00:00,2026-09-28T06:46:37-05:00,1,1,6,5,2,2026-09-29,641,2026-09-29,06:00 AM,379,True,12904,
2026-09-28T11:51:50+00:00,2026-09-28T06:51:50-05:00,1,1,6,2,1,2026-09-29,616,2026-09-29,06:00 AM,403,True,12546,
2026-09-28T17:58:22+00:00,2026-09-28T12:58:22-05:00,1,1,6,6,2,2026-09-29,247,2026-09-29,06:00 AM,773,True,12689,
2026-09-28T22:28:33+00:00,2026-09-28T17:28:33-05:00,1,1,6,6,2,2026-09-29,122,2026-09-29,06:00 AM,896,True,13926,
2026-09-29T02:15:37+00:00,2026-09-28T21:15:37-05:00,1,1,6,3,1,2026-09-29,65,2026-09-29,06:00 AM,956,True,14275,
2026-09-29T08:42:39+00:00,2026-09-29T03:42:39-05:00,1,1,6,6,1,2026-09-30,1000,2026-09-30,06:00 AM,0,True,15153,
2026-09-29T11:25:19+00:00,2026-09-29T06:25:19-05:00,1,1,6,2,2,2026-09-30,963,2026-09-30,06:00 AM,145,True,13115,
2026-09-29T11:30:32+00:00,2026-09-29T06:30:32-05:00,1,1,6,2,1,2026-09-30,879,2026-09-30,06:00 AM,190,True,13592,
2026-09-29T16:21:22+00:00,2026-09-29T11:21:22-05:00,1,1,6,6,1,2026-09-30,363,2026-09-30,06:00 AM,656,True,13201,
2026-09-29T16:26:35+00:00,2026-09-29T11:26:35-05:00,1,1,6,0,1,2026-09-30,363,2026-09-30,06:00 AM,657,True,13398,
2026-09-29T21:19:45+00:00,2026-09-29T16:19:45-05:00,1,1,6,6,1,2026-09-30,187,2026-09-30,06:00 AM,845,True,13913,
2026-09-30T00:37:00+00:00,2026-09-29T19:37:00-05:00,1,1,6,4,1,2026-09-30,84,2026-09-30,06:00 AM,953,True,13706,
2026-09-30T05:59:18+00:00,2026-09-30T00:59:18-05:00,1,1,6,6,2,2026-10-01,1000,2026-10-01,06:00 AM,0,True,12646,
2026-09-30T11:13:25+00:00,2026-09-30T06:13:25-05:00,1,1,6,1,1,2026-10-01,990,2026-10-01,06:00 AM,22,True,12862,
2026-09-30T11:18:38+00:00,2026-09-30T06:18:38-05:00,1,1,6,3,1,2026-10-01,972,2026-10-01,06:00 AM,42,True,11406,
2026-09-30T16:21:21+00:00,2026-09-30T11:21:21-05:00,1,1,6,6,2,2026-10-01,482,2026-10-01,06:00 AM,533,True,13424,
2026-09-30T16:26:34+00:00,2026-09-30T11:26:34-05:00,1,1,6,1,2,2026-10-01,480,2026-10-01,06:00 AM,533,True,12346,
2026-09-30T20:52:46+00:00,2026-09-30T15:52:46-05:00,1,1,6,6,1,2026-10-01,328,2026-10-01,06:00 AM,694,True,15243,
2026-09-30T21:21:16+00:00,2026-09-30T16:21:16-05:00,1,1,6,4,2,2026-10-01,277,2026-10-01,06:00 AM,743,True,12727,
2026-10-01T00:40:40+00:00,2026-09-30T19:40:40-05:00,1,1,6,6,1,2026-10-01,147,2026-10-01,06:00 AM,873,True,13103,
2026-10-01T06:37:58+00:00,2026-10-01T01:37:58-05:00,1,1,6,6,2,2026-10-02,1000,2026-10-02,06:00 AM,0,True,13145,
2026-10-01T11:40:38+00:00,2026-10-01T06:40:38-05:00,1,1,6,4,1,2026-10-02,901,2026-10-02,06:00 AM,138,True,13941,
2026-10-01T11:45:52+00:00,2026-10-01T06:45:52-05:00,1,1,6,2,1,2026-10-02,884,2026-10-02,06:00 AM,142,True,12875,
2026-10-01T16:54:39+00:00,2026-10-01T11:54:39-05:00,1,1,6,5,2,2026-10-02,564,2026-10-02,06:00 AM,440,True,12992,
2026-10-01T16:59:52+00:00,2026-10-01T11:59:52-05:00,1,1,6,0,2,2026-10-02,564,2026-10-02,06:00 AM,440,True,12404,
2026-10-01T21:33:17+00:00,2026-10-01T16:33:17-05:00,1,1,6,6,1,2026-10-02,346,2026-10-02,06:00 AM,681,True,12373,
2026-10-01T21:44:38+00:00,2026-10-01T16:44:38-05:00,1,1,6,3,2,2026-10-02,336,2026-10-02,06:00 AM,691,True,12673,
2026-10-02T01:06:37+00:00,2026-10-01T20:06:37-05:00,1,1,6,5,1,2026-10-02,241,2026-10-02,06:00 AM,780,True,15568,
2026-10-02T06:59:58+00:00,2026-10-02T01:59:58-05:00,1,1,6,6,2,2026-10-03,1000,2026-10-03,06:00 AM,0,True,13315,
2026-10-02T11:10:04+00:00,2026-10-02T06:10:04-05:00,1,1,6,2,1,2026-10-03,985,2026-10-03,06:00 AM,31,True,11728,
2026-10-02T11:15:15+00:00,2026-10-02T06:15:15-05:00,1,1,6,2,1,2026-10-03,966,2026-10-03,06:00 AM,45,True,13199,
2026-10-02T16:07:36+00:00,2026-10-02T11:07:36-05:00,1,1,6,5,1,2026-10-03,536,2026-10-03,06:00 AM,475,True,15707,
2026-10-02T16:12:51+00:00,2026-10-02T11:12:51-05:00,1,1,6,0,1,2026-10-03,536,2026-10-03,06:00 AM,490,True,12631,
2026-10-02T21:14:42+00:00,2026-10-02T16:14:42-05:00,1,1,6,6,1,2026-10-03,349,2026-10-03,06:00 AM,662,True,15287,
2026-10-03T00:33:18+00:00,2026-10-02T19:33:18-05:00,1,1,6,6,1,2026-10-03,244,2026-10-03,06:00 AM,780,True,13677,
2026-10-03T05:43:25+00:00,2026-10-03T00:43:25-05:00,1,1,6,6,2,2026-10-04,1000,2026-10-04,06:00 AM,0,True,12754,
2026-10-03T10:28:41+00:00,2026-10-03T05:28:41-05:00,1,1,6,0,2,2026-10-04,1000,2026-10-04,06:00 AM,0,True,13824,
2026-10-03T10:33:55+00:00,2026-10-03T05:33:55-05:00,1,1,6,0,1,2026-10-04,1000,2026-10-04,06:00 AM,0,True,11677,
2026-10-03T14:34:53+00:00,2026-10-03T09:34:53-05:00,1,1,6,5,1,2026-10-04,657,2026-10-04,06:00 AM,360,True,14406,
2026-10-03T14:40:07+00:00,2026-10-03T09:40:07-05:00,1,1,6,3,1,2026-10-04,644,2026-10-04,06:00 AM,364,True,12630,
2026-10-03T18:12:18+00:00,2026-10-03T13:12:18-05:00,1,1,6,5,1,2026-10-04,488,2026-10-04,06:00 AM,528,True,13522,
2026-10-03T19:44:42+00:00,2026-10-03T14:44:42-05:00,1,1,6,5,1,2026-10-04,454,2026-10-04,06:00 AM,596,True,15503,
2026-10-03T22:27:53+00:00,2026-10-03T17:27:53-05:00,1,1,6,6,2,2026-10-04,269,2026-10-04,06:00 AM,756,True,12379,
2026-10-04T01:57:36+00:00,2026-10-03T20:57:36-05:00,1,1,6,6,1,2026-10-04,153,2026-10-04,06:00 AM,869,True,13281,
2026-10-04T08:19:51+00:00,2026-10-04T03:19:51-05:00,1,1,6,6,1,2026-10-05,1000,2026-10-05,06:00 AM,0,True,12457,
2026-10-04T11:09:41+00:00,2026-10-04T06:09:41-05:00,1,1,6,2,2,2026-10-05,984,2026-10-05,06:00 AM,34,True,14869,
2026-10-04T11:14:56+00:00,2026-10-04T06:14:56-05:00,1,1,6,2,1,2026-10-05,968,2026-10-05,06:00 AM,49,True,13613,
2026-10-04T15:09:54+00:00,2026-10-04T10:09:54-05:00,1,1,6,5,2,2026-10-05,694,2026-10-05,06:00 AM,311,True,12282,
2026-10-04T15:15:07+00:00,2026-10-04T10:15:07-05:00,1,1,6,1,2,2026-10-05,686,2026-10-05,06:00 AM,317,True,11476,
2026-10-04T18:38:45+00:00,2026-10-04T13:38:45-05:00,1,1,6,5,2,2026-10-05,534,2026-10-05,06:00 AM,475,True,12594,
2026-10-04T20:00:37+00:00,2026-10-04T15:00:37-05:00,1,1,6,5,2,2026-10-05,423,2026-10-05,06:00 AM,586,True,12790,
2026-10-04T23:01:44+00:00,2026-10-04T18:01:44-05:00,1,1,6,5,1,2026-10-05,259,2026-10-05,06:00 AM,756,True,14051,
2026-10-05T01:53:49+00:00,2026-10-04T20:53:49-05:00,1,1,6,6,2,2026-10-05,175,2026-10-05,06:00 AM,838,True,11445,
2026-10-05T08:30:55+00:00,2026-10-05T03:30:55-05:00,1,1,6,6,2,2026-10-06,1000,2026-10-06,06:00 AM,0,True,12620,
2026-10-05T12:21:47+00:00,2026-10-05T07:21:47-05:00,1,1,6,5,1,2026-10-06,811,2026-10-06,06:00 AM,192,True,13454,
2026-10-05T12:27:01+00:00,2026-10-05T07:27:01-05:00,1,1,6,0,1,2026-10-06,811,2026-10-06,06:00 AM,192,True,13217,
2026-10-05T19:05:23+00:00,2026-10-05T14:05:23-05:00,1,1,6,6,1,2026-10-06,362,2026-10-06,06:00 AM,648,True,11435,
2026-10-05T23:06:10+00:00,2026-10-05T18:06:10-05:00,1,1,6,6,2,2026-10-06,179,2026-10-06,06:00 AM,867,True,12794,
2026-10-06T02:57:28+00:00,2026-10-05T21:57:28-05:00,1,1,6,6,2,2026-10-06,37,2026-10-06,06:00 AM,987,True,12755,
2026-10-06T10:05:28+00:00,2026-10-06T05:05:28-05:00,1,1,6,6,1,2026-10-07,1000,2026-10-07,06:00 AM,0,True,13474,
2026-10-06T10:10:42+00:00,2026-10-06T05:10:42-05:00,1,1,6,0,1,2026-10-07,1000,2026-10-07,06:00 AM,0,True,12957,
2026-10-06T12:05:31+00:00,2026-10-06T07:05:31-05:00,1,1,6,3,2,2026-10-07,826,2026-10-07,06:00 AM,282,True,14126,
2026-10-06T12:10:45+00:00,2026-10-06T07:10:45-05:00,1,1,6,2,2,2026-10-07,819,2026-10-07,06:00 AM,300,True,12778,
2026-10-06T16:33:05+00:00,2026-10-06T11:33:05-05:00,1,1,6,5,1,2026-10-07,340,2026-10-07,06:00 AM,664,True,14681,
2026-10-06T16:38:20+00:00,2026-10-06T11:38:20-05:00,1,1,6,0,1,2026-10-07,340,2026-10-07,06:00 AM,668,True,12012,
2026-10-06T21:12:00+00:00,2026-10-06T16:12:00-05:00,1,1,6,6,1,2026-10-07,64,2026-10-07,06:00 AM,982,True,14813,
2026-10-06T21:32:15+00:00,2026-10-06T16:32:15-05:00,1,1,6,3,2,2026-10-07,39,2026-10-07,06:00 AM,986,True,13045,
2026-10-07T01:00:51+00:00,2026-10-06T20:00:51-05:00,1,1,6,3,1,2026-10-07,0,2026-10-07,06:00 AM,1000,True,13552,
2026-10-07T07:10:31+00:00,2026-10-07T02:10:31-05:00,1,1,6,6,1,2026-10-08,1000,2026-10-08,06:00 AM,0,True,13383,
2026-10-07T11:50:41+00:00,2026-10-07T06:50:41-05:00,1,1,6,4,2,2026-10-08,824,2026-10-08,06:00 AM,275,True,12725,
2026-10-07T11:55:53+00:00,2026-10-07T06:55:53-05:00,1,1,6,1,1,2026-10-08,805,2026-10-08,06:00 AM,305,True,12016,
2026-10-07T17:18:14+00:00,2026-10-07T12:18:14-05:00,1,1,6,6,1,2026-10-08,176,2026-10-08,06:00 AM,853,True,14703,
2026-10-07T21:56:18+00:00,2026-10-07T16:56:18-05:00,1,1,6,4,2,2026-10-08,0,2026-10-08,06:00 AM,1000,True,13929,
2026-10-08T07:58:39+00:00,2026-10-08T02:58:39-05:00,1,1,6,6,1,2026-10-09,638,2026-10-09,06:00 AM,366,True,13965,
2026-10-08T12:06:07+00:00,2026-10-08T07:06:07-05:00,1,1,6,4,1,2026-10-09,519,2026-10-09,06:00 AM,521,True,12910,
2026-10-08T12:11:20+00:00,2026-10-08T07:11:20-05:00,1,1,6,1,2,2026-10-09,518,2026-10-09,06:00 AM,522,True,13634,
2026-10-08T17:13:21+00:00,2026-10-08T12:13:21-05:00,1,1,6,6,1,2026-10-09,0,2026-10-09,06:00 AM,1000,True,13093,
2026-10-08T21:56:03+00:00,2026-10-08T16:56:03-05:00,1,1,6,0,2,2026-10-09,0,2026-10-09,06:00 AM,1000,True,15658,
2026-10-09T01:56:10+00:00,2026-10-08T20:56:10-05:00,1,1,6,0,2,2026-10-09,0,2026-10-09,06:00 AM,1000,True,12881,
2026-10-09T08:50:03+00:00,2026-10-09T03:50:03-05:00,1,1,6,6,2,2026-10-10,318,2026-10-10,06:00 AM,689,True,12600,
2026-10-09T11:57:47+00:00,2026-10-09T06:57:47-05:00,1,1,6,5,2,2026-10-10,189,2026-10-10,06:00 AM,900,True,14075,
2026-10-09T12:03:01+00:00,2026-10-09T07:03:01-05:00,1,1,6,2,2,2026-10-10,155,2026-10-10,06:00 AM,914,True,12729,
2026-10-09T16:50:14+00:00,2026-10-09T11:50:14-05:00,1,1,6,4,1,2026-10-10,0,2026-10-10,06:00 AM,1000,True,14127,
2026-10-09T16:55:28+00:00,2026-10-09T11:55:28-05:00,1,1,6,0,1,2026-10-10,0,2026-10-10,06:00 AM,1000,True,12317,
2026-10-09T21:21:27+00:00,2026-10-09T16:21:27-05:00,1,1,6,0,1,2026-10-10,0,2026-10-10,06:00 AM,1000,True,12340,
